Date,Time,Vrms ph-n L1N Min,Vrms ph-n L1N Avg,Vrms ph-n L1N Max,Current L1 Min,Current L1 Avg,Current L1 Max,Unbalance Vn Avg
16-09-2023,01:56.1,233.64,233.8,233.9,19,19.1,19.3,0.91
16-09-2023,02:01.1,233.56,233.72,233.82,19,19.1,19.4,0.9
16-09-2023,02:06.1,233.52,233.64,233.76,19,19.2,19.4,0.9
16-09-2023,02:11.1,233.38,233.54,233.74,19,19.2,19.4,0.9
16-09-2023,02:16.1,233.32,233.5,233.62,19,19.2,19.3,0.9
16-09-2023,02:21.1,233.48,233.64,233.8,19,19.2,19.4,0.9
16-09-2023,02:26.1,233.56,233.72,233.8,19,19.2,19.4,0.9
16-09-2023,02:31.1,233.48,233.66,233.86,19,19.2,19.4,0.9
16-09-2023,02:36.1,233.5,233.64,233.82,19,19.2,19.4,0.9
16-09-2023,02:41.1,233.56,233.64,233.72,19,19.2,19.4,0.9
16-09-2023,02:46.1,233.44,233.62,233.78,19,19.2,19.4,0.91
16-09-2023,02:51.1,233.44,233.62,233.78,19,19.2,19.4,0.9
16-09-2023,02:56.1,233.6,233.7,233.86,19,19.2,19.4,0.9
16-09-2023,03:01.1,233.46,233.66,233.84,19.1,19.2,19.4,0.89
16-09-2023,03:06.1,233.66,233.8,234,19.1,19.3,19.5,0.89
16-09-2023,03:11.1,233.88,233.96,234.1,19.1,19.3,19.5,0.88
16-09-2023,03:16.1,233.84,233.92,234.04,19.1,19.3,19.5,0.89
16-09-2023,03:21.1,233.8,233.92,234.04,19.1,19.3,19.5,0.89
16-09-2023,03:26.1,233.86,233.98,234.08,19.1,19.3,19.5,0.9
16-09-2023,03:31.1,233.86,233.98,234.1,19.1,19.3,19.5,0.9
16-09-2023,03:36.1,233.64,233.92,234.12,19.1,19.3,19.5,0.91
16-09-2023,03:41.1,233.52,233.7,233.8,19.1,19.3,19.5,0.92
16-09-2023,03:46.1,233.48,233.68,233.84,19.1,19.3,19.5,0.91
16-09-2023,03:51.1,233.38,233.72,233.9,19.1,19.3,19.5,0.91
16-09-2023,03:56.1,233.5,233.68,233.82,19.1,19.3,19.5,0.91
16-09-2023,04:01.1,233.26,233.6,233.76,19.1,19.3,19.5,0.9
16-09-2023,04:06.1,233.54,233.7,233.82,19.1,19.3,19.5,0.91
16-09-2023,04:11.1,233.7,233.82,233.94,19.1,19.3,19.5,0.91
16-09-2023,04:16.1,233.52,233.72,233.9,19.2,19.3,19.6,0.92
16-09-2023,04:21.1,233.64,233.78,233.9,19.2,19.4,19.6,0.92
16-09-2023,04:26.1,233.56,233.7,233.82,19.2,19.4,19.6,0.91
16-09-2023,04:31.1,233.44,233.66,233.86,19.2,19.4,19.6,0.92
16-09-2023,04:36.1,233.34,233.52,233.68,19.2,19.4,19.5,0.92
16-09-2023,04:41.1,233.3,233.44,233.54,19.1,19.3,19.5,0.92
16-09-2023,04:46.1,233.4,233.54,233.64,19.2,19.4,19.6,0.91
16-09-2023,04:51.1,233.38,233.54,233.7,19.2,19.4,19.6,0.91
16-09-2023,04:56.1,233.3,233.56,233.74,19.2,19.4,19.6,0.92
16-09-2023,05:01.1,233.52,233.8,234.12,19.2,19.4,19.6,0.91
16-09-2023,05:06.1,233.76,233.98,234.12,19.2,19.4,19.6,0.91
16-09-2023,05:11.1,233.82,233.98,234.16,19.2,19.4,19.6,0.92
16-09-2023,05:16.1,234.02,234.16,234.36,19.2,19.4,19.6,0.93
16-09-2023,05:21.1,234.02,234.3,234.46,19.2,19.4,19.6,0.93
16-09-2023,05:26.1,233.9,234.18,234.34,19.2,19.4,19.6,0.92
16-09-2023,05:31.1,233.72,233.96,234.22,19.3,19.4,19.6,0.92
16-09-2023,05:36.1,233.9,234.04,234.16,19.3,19.5,19.7,0.91
16-09-2023,05:41.1,234,234.18,234.36,19.3,19.5,19.6,0.92
16-09-2023,05:46.1,234.06,234.26,234.42,19.3,19.5,19.7,0.92
16-09-2023,05:51.1,234.14,234.28,234.44,19.3,19.5,19.7,0.92
16-09-2023,05:56.1,234.1,234.22,234.38,19.3,19.5,19.6,0.92
16-09-2023,06:01.1,234.06,234.22,234.4,19.3,19.5,19.7,0.92
16-09-2023,06:06.1,233.98,234.08,234.24,19.3,19.5,19.7,0.92
16-09-2023,06:11.1,233.94,234.04,234.12,19.3,19.5,19.7,0.92
16-09-2023,06:16.1,233.9,234.02,234.16,19.3,19.5,19.7,0.92
16-09-2023,06:21.1,233.84,234,234.1,19.3,19.5,19.7,0.92
16-09-2023,06:26.1,233.8,234.04,234.18,19.3,19.5,19.7,0.92
16-09-2023,06:31.1,234,234.14,234.22,19.3,19.5,19.7,0.91
16-09-2023,06:36.1,233.72,233.9,234.14,19.3,19.5,19.7,0.91
16-09-2023,06:41.1,233.76,233.88,233.98,19.3,19.5,19.7,0.91
16-09-2023,06:46.1,233.74,233.96,234.1,19.3,19.5,19.7,0.92
16-09-2023,06:51.1,233.9,234.04,234.12,19.3,19.5,19.7,0.93
16-09-2023,06:56.1,233.9,234.04,234.14,19.3,19.5,19.7,0.92
16-09-2023,07:01.1,233.84,233.98,234.1,19.3,19.5,19.7,0.91
16-09-2023,07:06.1,233.7,233.84,233.94,19.3,19.5,19.7,0.91
16-09-2023,07:11.1,233.76,233.9,234.06,19.4,19.5,19.8,0.9
16-09-2023,07:16.1,233.72,233.86,233.96,19.4,19.6,19.8,0.9
16-09-2023,07:21.1,233.82,233.94,234.04,19.4,19.6,19.8,0.9
16-09-2023,07:26.1,233.94,234.04,234.18,19.4,19.6,19.8,0.89
16-09-2023,07:31.1,233.98,234.08,234.22,19.3,19.5,19.7,0.88
16-09-2023,07:36.1,233.9,234.12,234.24,19.4,19.6,19.8,0.89
16-09-2023,07:41.1,233.94,234.18,234.36,19.4,19.6,19.8,0.88
16-09-2023,07:46.1,234.2,234.4,234.54,19.4,19.6,19.8,0.89
16-09-2023,07:51.1,234.36,234.46,234.58,19.4,19.6,19.8,0.89
16-09-2023,07:56.1,234.14,234.28,234.4,19.4,19.6,19.8,0.9
16-09-2023,08:01.1,234.08,234.26,234.36,19.4,19.6,19.7,0.9
16-09-2023,08:06.1,234.02,234.26,234.52,19.4,19.6,19.8,0.9
16-09-2023,08:11.1,234.28,234.46,234.78,19.3,19.5,19.7,0.89
16-09-2023,08:16.1,234.58,234.68,234.8,19.3,19.5,19.7,0.89
16-09-2023,08:21.1,234.44,234.58,234.72,19.3,19.5,19.7,0.89
16-09-2023,08:26.1,234.42,234.54,234.64,19.4,19.6,19.8,0.89
16-09-2023,08:31.1,234.38,234.5,234.64,19.5,19.7,19.9,0.88
16-09-2023,08:36.1,234.34,234.5,234.6,19.6,19.7,20,0.88
16-09-2023,08:41.1,234.36,234.5,234.62,19.5,19.7,19.9,0.88
16-09-2023,08:46.1,234.46,234.56,234.64,19.5,19.7,19.9,0.89
16-09-2023,08:51.1,234.38,234.58,234.72,19.5,19.7,19.9,0.89
16-09-2023,08:56.1,234.02,234.4,234.64,19.5,19.7,19.9,0.88
16-09-2023,09:01.1,233.92,234.2,234.4,19.5,20,21.1,0.89
16-09-2023,09:06.1,233.04,233.44,233.86,21,21.7,22.3,0.94
16-09-2023,09:11.1,233.12,234.18,235.78,17.3,20.2,22.3,0.87
16-09-2023,09:16.1,235.82,236.7,237.2,15.6,16.3,17.4,0.72
16-09-2023,09:21.1,237.02,237.12,237.22,15.6,15.9,16.2,0.7
16-09-2023,09:26.1,236.98,237.24,239,8,15.6,16.1,0.7
16-09-2023,09:31.1,238.86,239.02,239.16,6.8,7.1,7.3,0.51
16-09-2023,09:36.1,238.72,238.9,239.02,6.8,7.1,7.3,0.51
16-09-2023,09:41.1,238.64,238.8,238.92,6.8,7.1,7.3,0.51
16-09-2023,09:46.1,238.7,238.9,239.04,6.8,7.1,7.3,0.51
16-09-2023,09:51.1,238.7,238.82,238.98,6.8,7.1,7.3,0.51
16-09-2023,09:56.1,238.78,238.9,239.02,6.8,7.1,7.3,0.51
16-09-2023,10:01.1,238.92,239.02,239.2,6.8,7.1,7.4,0.51
16-09-2023,10:06.1,239,239.14,239.28,6.8,7.1,7.3,0.51
16-09-2023,10:11.1,239.02,239.12,239.26,6.8,7.1,7.3,0.51
16-09-2023,10:16.1,238.64,238.98,239.18,6.8,7.1,7.3,0.51
16-09-2023,10:21.1,238.72,238.92,239.04,6.8,7.1,7.4,0.51
16-09-2023,10:26.1,238.7,238.82,239.02,6.8,7.1,7.3,0.51
16-09-2023,10:31.1,238.16,238.56,238.88,6.8,7.1,7.3,0.54
16-09-2023,10:36.1,238.54,238.72,238.84,6.8,7.1,7.3,0.52
16-09-2023,10:41.1,238.56,238.72,238.92,6.8,7.1,7.3,0.53
16-09-2023,10:46.1,238.64,238.76,238.9,6.8,7.2,7.6,0.52
16-09-2023,10:51.1,238.5,238.64,238.78,7.2,7.5,7.7,0.51
16-09-2023,10:56.1,238.3,238.48,238.74,7.2,7.5,7.7,0.52
16-09-2023,11:01.1,238.32,238.48,238.7,7.2,7.4,7.6,0.52
16-09-2023,11:06.1,238.6,238.74,238.84,7.2,7.5,7.7,0.52
16-09-2023,11:11.1,238.58,238.74,238.92,7.2,7.5,7.7,0.52
16-09-2023,11:16.1,238.48,238.6,238.7,7.2,7.4,7.7,0.52
16-09-2023,11:21.1,238.52,238.62,238.72,7.2,7.4,7.7,0.52
16-09-2023,11:26.1,238.48,238.62,238.86,7.2,7.4,7.7,0.52
16-09-2023,11:31.1,238.06,238.44,238.68,7,7.3,7.7,0.52
16-09-2023,11:36.1,238.22,238.28,238.36,7,7.2,7.3,0.52
16-09-2023,11:41.1,238.28,238.54,238.66,4.2,5.3,7.3,0.52
16-09-2023,11:46.1,238.36,238.6,238.76,4.3,4.3,4.3,0.51
16-09-2023,11:51.1,238.3,238.54,238.7,4.3,4.3,4.3,0.52
16-09-2023,11:56.1,238.38,238.46,238.54,4.3,4.3,4.5,0.52
16-09-2023,12:01.1,238.46,238.64,238.76,4.6,4.9,5.1,0.52
16-09-2023,12:06.1,238.54,238.7,238.8,5.1,5.1,5.1,0.51
16-09-2023,12:11.1,238.68,238.8,238.88,5,5.1,5.1,0.5
16-09-2023,12:16.1,238.7,238.84,238.94,5,5.1,5.1,0.5
16-09-2023,12:21.1,238.62,238.72,238.8,5,5.1,5.1,0.52
16-09-2023,12:26.1,238.58,238.7,238.78,5,5.1,5.4,0.52
16-09-2023,12:31.1,238.62,238.7,238.8,5.3,5.4,5.5,0.52
16-09-2023,12:36.1,238.5,238.58,238.66,5.5,5.5,5.6,0.52
16-09-2023,12:41.1,238.28,238.46,238.58,5.5,5.6,5.7,0.53
16-09-2023,12:46.1,238.26,238.36,238.46,5.7,5.7,5.7,0.52
16-09-2023,12:51.1,238.32,238.46,238.58,5.7,5.7,5.8,0.53
16-09-2023,12:56.1,238.58,238.68,238.76,5.7,5.8,5.8,0.52
16-09-2023,13:01.1,238.66,238.74,238.88,5.7,5.7,5.8,0.54
16-09-2023,13:06.1,238.76,238.88,238.98,5.7,5.7,5.8,0.53
16-09-2023,13:11.1,238.66,238.8,238.96,5.7,5.7,5.8,0.53
16-09-2023,13:16.1,238.64,238.76,238.88,5.7,5.7,5.8,0.52
16-09-2023,13:21.1,238.52,238.68,238.76,5.7,5.7,5.7,0.52
16-09-2023,13:26.1,237.74,238.68,238.8,5.7,5.7,5.7,0.53
16-09-2023,13:31.1,238.2,238.58,238.72,5.6,5.7,5.7,0.55
16-09-2023,13:36.1,238.38,238.62,238.78,5.6,5.7,5.7,0.53
16-09-2023,13:41.1,238.46,238.58,238.68,5.7,5.7,5.7,0.53
16-09-2023,13:46.1,220.62,237.42,238.6,5.7,13.8,54.3,0.61
16-09-2023,13:51.1,236.68,236.78,236.84,13.8,13.9,13.9,0.69
16-09-2023,13:56.1,236.36,236.54,236.74,13.8,13.8,13.9,0.7
16-09-2023,14:01.1,235.88,236.12,236.38,13.8,14,14.2,0.73
16-09-2023,14:06.1,235.58,235.76,235.96,14.2,14.4,14.5,0.74
16-09-2023,14:11.1,235.1,235.56,235.74,14.5,14.6,15.1,0.75
16-09-2023,14:16.1,234.72,235,235.12,15.3,15.7,15.8,0.79
16-09-2023,14:21.1,234.88,235.12,235.22,15.7,15.8,15.8,0.78
16-09-2023,14:26.1,234.9,235.06,235.2,15.7,15.8,15.8,0.78
16-09-2023,14:31.1,234.86,234.94,235.02,15.7,15.7,15.8,0.79
16-09-2023,14:36.1,234.78,235.02,235.12,15.7,15.7,15.8,0.79
16-09-2023,14:41.1,234.98,235.08,235.18,15.7,15.7,15.8,0.8
16-09-2023,14:46.1,234.8,234.92,235.02,15.7,15.7,15.8,0.79
16-09-2023,14:51.1,234.76,234.94,235.08,15.7,15.7,15.7,0.78
16-09-2023,14:56.1,234.42,234.8,235.04,15.7,15.7,15.7,0.78
16-09-2023,15:01.1,234.78,235.04,235.26,15.7,15.7,15.8,0.79
16-09-2023,15:06.1,234.96,235.18,235.3,15.7,15.7,15.8,0.78
16-09-2023,15:11.1,235.14,235.24,235.36,15.7,15.7,15.7,0.78
16-09-2023,15:16.1,235.02,235.22,235.42,15.7,15.7,15.7,0.77
16-09-2023,15:21.1,235.12,235.28,235.44,15.7,15.7,15.7,0.78
16-09-2023,15:26.1,234.92,235.1,235.3,15.7,15.7,15.7,0.79
16-09-2023,15:31.1,234.98,235.14,235.28,15.7,15.7,15.7,0.79
16-09-2023,15:36.1,234.88,234.98,235.12,15.6,15.7,15.7,0.8
16-09-2023,15:41.1,234.52,234.84,235,15.6,15.7,15.7,0.8
16-09-2023,15:46.1,235.06,235.28,235.44,15.7,15.7,15.7,0.8
16-09-2023,15:51.1,234.9,235.04,235.32,15.6,15.7,15.7,0.8
16-09-2023,15:56.1,234.88,235.06,235.22,15.6,15.7,15.7,0.81
16-09-2023,16:01.1,234.98,235.1,235.2,15.6,15.7,15.7,0.82
16-09-2023,16:06.1,235.04,235.18,235.3,15.6,15.7,15.7,0.81
16-09-2023,16:11.1,234.82,235.08,235.22,15.6,15.7,15.7,0.81
16-09-2023,16:16.1,234.66,234.76,234.88,15.6,15.6,15.7,0.82
16-09-2023,16:21.1,234.66,234.8,234.94,15.6,15.6,15.7,0.82
16-09-2023,16:26.1,234.5,234.8,234.98,15.6,15.6,15.7,0.81
16-09-2023,16:31.1,234.74,234.9,235,15.6,15.6,15.7,0.82
16-09-2023,16:36.1,234.68,234.88,235.04,15.6,15.6,15.7,0.82
16-09-2023,16:41.1,231.66,234.62,234.98,15.6,18.6,51.5,0.84
16-09-2023,16:46.1,235.02,235.1,235.26,15.8,15.9,16,0.78
16-09-2023,16:51.1,234.9,235.02,235.12,15.8,15.9,15.9,0.76
16-09-2023,16:56.1,233.98,234.74,235.04,15.8,16.5,19.5,0.78
16-09-2023,17:01.1,234.7,234.78,234.88,16.2,16.2,16.2,0.8
16-09-2023,17:06.1,234.72,234.82,234.92,16.2,16.2,16.2,0.79
16-09-2023,17:11.1,234.7,234.76,234.84,16.2,16.2,16.2,0.8
16-09-2023,17:16.1,234.04,234.52,234.7,16.1,16.2,16.2,0.8
16-09-2023,17:21.1,234.54,234.64,234.74,16.2,16.2,16.2,0.79
16-09-2023,17:26.1,234.6,234.72,234.86,16.2,16.2,16.2,0.8
16-09-2023,17:31.1,234.68,234.74,234.88,16.2,16.2,16.3,0.8
16-09-2023,17:36.1,234.6,234.66,234.74,16.3,16.3,16.4,0.8
16-09-2023,17:41.1,234.64,234.84,235.02,16.4,16.4,16.5,0.79
16-09-2023,17:46.1,234.72,234.92,235.04,16.5,16.5,16.6,0.78
16-09-2023,17:51.1,234.54,234.84,235.02,16.5,16.5,16.6,0.78
16-09-2023,17:56.1,234.44,234.64,234.76,16.6,16.6,16.7,0.78
16-09-2023,18:01.1,234.4,234.66,234.76,16.6,16.6,16.7,0.79
16-09-2023,18:06.1,234.34,234.56,234.74,16.6,16.7,17,0.8
16-09-2023,18:11.1,234.32,234.62,234.8,16.9,17,17.1,0.8
16-09-2023,18:16.1,232.64,234.24,234.86,16.9,17,17.1,0.8
16-09-2023,18:21.1,233.34,233.6,233.8,16.9,16.9,17,0.82
16-09-2023,18:26.1,233.18,233.46,233.66,16.8,16.9,17,0.83
16-09-2023,18:31.1,233.06,233.24,233.42,16.8,16.9,16.9,0.84
16-09-2023,18:36.1,232.94,233.2,233.44,16.8,16.9,16.9,0.84
16-09-2023,18:41.1,233.08,233.18,233.3,16.9,17.2,17.3,0.85
16-09-2023,18:46.1,232.94,233.22,233.34,17.1,17.2,17.3,0.84
16-09-2023,18:51.1,233.02,233.24,233.38,17,17.1,17.2,0.84
16-09-2023,18:56.1,232.94,233.18,233.32,17,17.1,17.2,0.84
16-09-2023,19:01.1,233,233.18,233.3,17,17.1,17.3,0.85
16-09-2023,19:06.1,232.88,233.14,233.24,17,17.1,17.2,0.86
16-09-2023,19:11.1,233.08,233.28,233.42,17,17.1,17.2,0.86
16-09-2023,19:16.1,233.06,233.34,233.48,17,17.1,17.2,0.86
16-09-2023,19:21.1,233.2,233.3,233.38,17,17.1,17.2,0.84
16-09-2023,19:26.1,232.98,233.24,233.36,17,17.1,17.2,0.83
16-09-2023,19:31.1,233.18,233.32,233.5,16.9,17,17.1,0.83
16-09-2023,19:36.1,233.24,233.38,233.54,17,17,17.1,0.84
16-09-2023,19:41.1,233.56,233.7,233.8,16.9,17,17.1,0.84
16-09-2023,19:46.1,233.74,233.86,233.98,16.9,17,17.1,0.84
16-09-2023,19:51.1,233.76,233.9,234,17,17,17.1,0.85
16-09-2023,19:56.1,233.74,233.86,234,16.9,17,17.1,0.84
16-09-2023,20:01.1,233.88,234.06,234.38,16.9,17,17.1,0.85
16-09-2023,20:06.1,233.84,234.06,234.32,16.9,17,17.1,0.86
16-09-2023,20:11.1,233.62,233.94,234.16,16.9,17,17.1,0.86
16-09-2023,20:16.1,233.54,233.76,233.92,16.9,17,17,0.84
16-09-2023,20:21.1,233.56,233.7,233.88,16.9,17,17,0.84
16-09-2023,20:26.1,233.28,233.74,234.02,16.9,17,17,0.85
16-09-2023,20:31.1,233.58,233.86,234.04,16.9,17,17,0.84
16-09-2023,20:36.1,233.66,233.94,234.12,16.9,17,17,0.84
16-09-2023,20:41.1,233.74,234.02,234.2,16.9,17,17,0.83
16-09-2023,20:46.1,233.6,234.22,234.8,16.9,17,17,0.85
16-09-2023,20:51.1,234.52,234.62,234.76,16.9,17,17,0.89
16-09-2023,20:56.1,234.46,234.66,234.82,16.9,17,17,0.9
16-09-2023,21:01.1,234.52,234.78,234.98,16.9,17,17,0.91
16-09-2023,21:06.1,234.7,234.78,234.92,16.9,17,17.1,0.9
16-09-2023,21:11.1,234.66,234.74,234.84,16.9,17,17,0.9
16-09-2023,21:16.1,234.42,234.72,234.94,16.9,17,17,0.89
16-09-2023,21:21.1,234.9,235.04,235.16,16.9,17,17,0.9
16-09-2023,21:26.1,234.68,234.82,234.92,16.9,17,17,0.89
16-09-2023,21:31.1,234.56,234.64,234.7,16.9,16.9,17,0.89
16-09-2023,21:36.1,234.26,234.5,234.68,16.9,16.9,17,0.88
16-09-2023,21:41.1,234.52,234.72,234.84,16.9,16.9,17,0.88
16-09-2023,21:46.1,234.5,234.66,234.82,16.9,16.9,17,0.87
16-09-2023,21:51.1,234.68,234.76,234.84,16.9,16.9,17,0.86
16-09-2023,21:56.1,234.7,234.88,235.16,16.9,17,17,0.86
16-09-2023,22:01.1,234.92,235.06,235.18,16.9,17,17,0.87
16-09-2023,22:06.1,235.1,235.22,235.34,16.9,17,17,0.89
16-09-2023,22:11.1,234.96,235.12,235.28,16.9,16.9,17,0.88
16-09-2023,22:16.1,235.12,236.08,236.3,17,17,17.1,0.85
16-09-2023,22:21.1,235.74,236.08,236.22,16.9,17,17.1,0.85
16-09-2023,22:26.1,236,236.22,236.38,17,17,17.1,0.85
16-09-2023,22:31.1,235.84,236.24,236.38,17,17,17.1,0.85
16-09-2023,22:36.1,236.06,236.24,236.38,16.9,17,17,0.85
16-09-2023,22:41.1,236.22,236.34,236.92,17,17,17.1,0.87
16-09-2023,22:46.1,236.22,236.32,236.44,17,17,17.1,0.86
16-09-2023,22:51.1,236.26,236.36,236.5,17,17,17,0.86
16-09-2023,22:56.1,236.44,236.54,236.62,17,17,17,0.85
16-09-2023,23:01.1,236.18,236.48,236.62,16.9,17,17.1,0.87
16-09-2023,23:06.1,236.3,236.44,236.6,16.9,17,17,0.86
16-09-2023,23:11.1,236.46,236.52,236.62,16.9,17,17.1,0.87
16-09-2023,23:16.1,236.28,236.46,236.62,16.9,17,17,0.86
16-09-2023,23:21.1,236.4,236.5,236.66,16.9,17,17.1,0.86
16-09-2023,23:26.1,236.34,236.42,236.54,16.9,17,17,0.87
16-09-2023,23:31.1,236.1,236.26,236.32,16.9,17,17,0.87
16-09-2023,23:36.1,236,236.2,236.34,16.9,17,17,0.87
16-09-2023,23:41.1,236.02,236.16,236.36,16.9,17,17,0.86
16-09-2023,23:46.1,236.08,236.18,236.26,16.9,17,17,0.86
16-09-2023,23:51.1,236.12,236.26,236.36,16.9,17,17,0.86
16-09-2023,23:56.1,236.08,236.26,236.44,16.9,17,17,0.86
16-09-2023,24:01.1,236.04,236.16,236.26,16.9,17,17,0.86
16-09-2023,24:06.1,235.12,235.32,236.2,16.9,16.9,17,0.81
16-09-2023,24:11.1,235.1,235.22,235.4,16.9,16.9,16.9,0.81
16-09-2023,24:16.1,234.78,234.98,235.24,16.8,16.9,16.9,0.8
16-09-2023,24:21.1,234.68,234.88,235.04,16.8,16.9,16.9,0.8
16-09-2023,24:26.1,234.66,234.78,234.88,16.8,16.9,16.9,0.8
16-09-2023,24:31.1,234.8,234.92,235.02,16.8,16.9,16.9,0.8
16-09-2023,24:36.1,234.48,234.86,235.14,16.8,16.9,16.9,0.79
16-09-2023,24:41.1,234.4,234.84,235.04,16.8,16.9,16.9,0.8
16-09-2023,24:46.1,234.66,234.78,234.86,16.8,16.9,16.9,0.79
16-09-2023,24:51.1,234.78,234.86,234.96,16.8,16.9,16.9,0.79
16-09-2023,24:56.1,234.72,234.84,235,16.8,16.9,16.9,0.79
16-09-2023,25:01.1,234.72,234.84,234.96,16.8,16.9,16.9,0.8
16-09-2023,25:06.1,234.78,234.88,235,16.8,16.9,16.9,0.8
16-09-2023,25:11.1,233.34,234.54,234.9,16.6,16.8,16.9,0.8
16-09-2023,25:16.1,233.76,233.92,234.02,16.7,16.8,16.8,0.81
16-09-2023,25:21.1,233.76,233.96,234.16,16.7,16.8,16.9,0.82
16-09-2023,25:26.1,234.1,234.28,234.44,16.8,16.8,16.8,0.82
16-09-2023,25:31.1,234.26,234.38,234.46,16.8,16.8,16.9,0.81
16-09-2023,25:36.1,234.1,234.28,234.42,16.8,16.8,16.9,0.81
16-09-2023,25:41.1,234.1,234.2,234.26,16.8,16.8,16.9,0.81
16-09-2023,25:46.1,234.06,234.32,234.54,16.8,16.8,16.9,0.8
16-09-2023,25:51.1,234.44,234.52,234.6,16.8,16.8,16.9,0.8
16-09-2023,25:56.1,234.42,234.52,234.66,16.8,16.8,16.9,0.81
16-09-2023,26:01.1,234.44,234.54,234.62,16.8,16.8,16.9,0.82
16-09-2023,26:06.1,234.48,234.56,234.64,16.8,16.8,16.9,0.82
16-09-2023,26:11.1,234.44,234.52,234.6,16.8,16.8,16.9,0.83
16-09-2023,26:16.1,234.36,234.42,234.56,16.8,16.8,16.9,0.82
16-09-2023,26:21.1,234.34,234.44,234.52,16.8,16.8,16.8,0.82
16-09-2023,26:26.1,234.34,234.42,234.5,16.8,16.8,16.8,0.82
16-09-2023,26:31.1,234.3,234.42,234.52,16.8,16.8,16.8,0.83
16-09-2023,26:36.1,234.48,234.56,234.66,16.8,16.8,16.9,0.82
16-09-2023,26:41.1,234.36,234.48,234.54,16.8,16.8,16.8,0.83
16-09-2023,26:46.1,234.34,234.44,234.56,16.8,16.8,16.8,0.82
16-09-2023,26:51.1,234.38,234.48,234.58,16.8,16.8,16.8,0.82
16-09-2023,26:56.1,234.32,234.46,234.6,16.8,16.8,16.8,0.82
16-09-2023,27:01.1,234.28,234.42,234.48,16.8,16.8,16.8,0.83
16-09-2023,27:06.1,234.2,234.34,234.46,16.8,16.8,16.8,0.84
16-09-2023,27:11.1,234.04,234.24,234.36,16.8,16.8,16.8,0.83
16-09-2023,27:16.1,233.72,234.2,234.58,16.8,16.8,16.9,0.82
16-09-2023,27:21.1,233.62,234.26,234.6,16.7,16.8,16.8,0.81
16-09-2023,27:26.1,234.28,234.46,234.6,16.8,16.8,16.9,0.8
16-09-2023,27:31.1,234.34,234.52,234.64,16.7,16.8,16.8,0.82
16-09-2023,27:36.1,234.28,234.48,234.58,16.8,16.8,16.8,0.82
16-09-2023,27:41.1,233.74,234.16,234.4,16.7,16.8,16.8,0.83
16-09-2023,27:46.1,233.04,234.12,234.38,16.7,16.8,16.8,0.83
16-09-2023,27:51.1,233.88,234.04,234.16,16.7,16.8,16.8,0.83
16-09-2023,27:56.1,234.06,234.14,234.24,16.7,16.8,16.8,0.83
16-09-2023,28:01.1,234.08,234.2,234.3,16.7,16.8,16.8,0.83
16-09-2023,28:06.1,234.1,234.24,234.32,16.7,16.8,16.8,0.84
16-09-2023,28:11.1,234.12,234.18,234.26,16.7,16.8,16.8,0.85
16-09-2023,28:16.1,233.74,234,234.26,16.7,16.8,16.8,0.84
16-09-2023,28:21.1,233.94,234.04,234.14,16.7,16.8,16.8,0.84
16-09-2023,28:26.1,233.74,233.84,233.98,16.7,16.7,16.8,0.84
16-09-2023,28:31.1,233.62,233.8,233.96,16.7,16.7,16.8,0.85
16-09-2023,28:36.1,233.06,233.5,233.78,16.7,16.7,16.8,0.85
16-09-2023,28:41.1,233.18,233.36,233.48,16.7,16.7,16.8,0.85
16-09-2023,28:46.1,233.38,233.48,233.58,16.7,16.7,16.8,0.84
16-09-2023,28:51.1,233.42,233.58,233.72,16.7,16.7,16.8,0.84
16-09-2023,28:56.1,233.7,233.82,233.9,16.7,16.7,16.8,0.82
16-09-2023,29:01.1,233.78,233.88,233.98,16.7,16.7,16.8,0.82
16-09-2023,29:06.1,233.88,233.96,234.08,16.7,16.7,16.8,0.83
16-09-2023,29:11.1,234.04,234.1,234.16,16.7,16.8,16.8,0.83
16-09-2023,29:16.1,233.8,234,234.22,16.7,16.8,16.8,0.83
16-09-2023,29:21.1,233.86,234.02,234.16,16.7,16.8,16.8,0.83
16-09-2023,29:26.1,233.94,234.14,234.3,16.7,16.8,16.8,0.83
16-09-2023,29:31.1,234.22,234.32,234.44,16.7,16.8,16.8,0.84
16-09-2023,29:36.1,234.32,234.42,234.54,16.7,16.8,16.8,0.85
16-09-2023,29:41.1,234.26,234.42,234.54,16.7,16.8,16.8,0.84
16-09-2023,29:46.1,234.32,234.4,234.52,16.7,16.7,16.8,0.84
16-09-2023,29:51.1,234.32,234.44,234.56,16.7,16.7,16.8,0.84
16-09-2023,29:56.1,234.04,234.26,234.42,16.7,16.7,16.8,0.83
16-09-2023,30:01.1,234.24,234.36,234.54,16.7,16.7,16.8,0.84
16-09-2023,30:06.1,234.32,234.42,234.54,16.7,16.7,16.8,0.83
16-09-2023,30:11.1,234.28,234.36,234.46,16.7,16.7,16.8,0.83
16-09-2023,30:16.1,234.36,234.54,234.64,16.7,16.8,16.8,0.83
16-09-2023,30:21.1,234.44,234.56,234.66,16.7,16.8,16.8,0.83
16-09-2023,30:26.1,234.5,235.54,235.9,14.5,15.1,16.7,0.77
16-09-2023,30:31.1,235.94,236,236.1,14.5,14.6,14.6,0.74
16-09-2023,30:36.1,235.76,236,236.14,14.5,14.6,14.6,0.75
16-09-2023,30:41.1,236.06,236.48,236.78,13.2,13.8,14.5,0.73
16-09-2023,30:46.1,236.74,236.82,236.92,13,13,13.1,0.73
16-09-2023,30:51.1,236.6,236.8,236.9,13,13,13.1,0.72
16-09-2023,30:56.1,236.64,236.86,236.98,13,13,13,0.72
16-09-2023,31:01.1,236.8,236.92,237.04,12.6,12.8,13.1,0.69
16-09-2023,31:06.1,236.98,237.04,237.14,12.6,12.6,12.7,0.68
16-09-2023,31:11.1,236.96,237.36,238.22,12.6,12.7,12.9,0.67
16-09-2023,31:16.1,238.16,238.2,238.24,12.8,12.8,12.8,0.65
16-09-2023,31:21.1,238.04,238.14,238.24,12.8,12.8,12.9,0.65
16-09-2023,31:26.1,237.94,238.02,238.1,12.8,12.8,12.8,0.66
16-09-2023,31:31.1,237.84,237.94,238.08,12.8,12.8,12.8,0.67
16-09-2023,31:36.1,237.68,237.82,237.94,12.7,12.8,12.8,0.67
16-09-2023,31:41.1,237.7,237.84,237.94,12.7,12.8,12.8,0.67
16-09-2023,31:46.1,237.72,237.84,237.98,12.7,12.8,12.8,0.66
16-09-2023,31:51.1,237.58,237.86,238,12.7,12.8,12.8,0.66
16-09-2023,31:56.1,237.64,237.82,237.94,12.7,12.8,12.8,0.67
16-09-2023,32:01.1,237.56,237.84,237.98,12.7,12.8,12.8,0.67
16-09-2023,32:06.1,237.64,237.74,237.94,12.7,12.7,12.8,0.68
16-09-2023,32:11.1,237.46,237.66,237.8,12.7,12.7,12.8,0.68
16-09-2023,32:16.1,237.52,237.66,237.76,12.7,12.7,12.8,0.67
16-09-2023,32:21.1,237.36,237.5,237.62,12.7,12.7,12.8,0.65
16-09-2023,32:26.1,237.4,237.5,237.6,12.6,12.7,12.8,0.66
16-09-2023,32:31.1,237.46,237.46,237.46,12.7,12.7,12.7,0.65
